[
  {
    "id": "trade_1",
    "symbol": "M2K",
    "direction": "short",
    "entry_time": "2025-10-05T20:11:41.911368",
    "exit_time": "2025-10-05T20:53:41.911368",
    "entry_price": 1948.98,
    "exit_price": 1953.21,
    "contracts": 1,
    "pnl": -42.28,
    "mfe": 9.93,
    "mae": -56.55,
    "hold_time_minutes": 42,
    "cumulative_pnl": -42.28,
    "session": "asian",
    "setup_type": "pullback"
  },
  {
    "id": "trade_2",
    "symbol": "MES",
    "direction": "long",
    "entry_time": "2025-08-15T03:48:41.911368",
    "exit_time": "2025-08-15T04:04:41.911368",
    "entry_price": 5216.02,
    "exit_price": 5259.26,
    "contracts": 2,
    "pnl": 864.81,
    "mfe": 1947.78,
    "mae": -90.42,
    "hold_time_minutes": 16,
    "cumulative_pnl": 390.13,
    "session": "overlap",
    "setup_type": "reversal"
  },
  {
    "id": "trade_3",
    "symbol": "MGC",
    "direction": "long",
    "entry_time": "2025-08-20T21:23:41.911368",
    "exit_time": "2025-08-20T22:16:41.911368",
    "entry_price": 1837.1,
    "exit_price": 1833.77,
    "contracts": 5,
    "pnl": -166.52,
    "mfe": 81.91,
    "mae": -237.95,
    "hold_time_minutes": 53,
    "cumulative_pnl": 356.83,
    "session": "asian",
    "setup_type": "reversal"
  },
  {
    "id": "trade_4",
    "symbol": "MGC",
    "direction": "long",
    "entry_time": "2025-10-05T05:06:41.911368",
    "exit_time": "2025-10-05T08:23:41.911368",
    "entry_price": 2081.83,
    "exit_price": 2078.17,
    "contracts": 5,
    "pnl": -182.94,
    "mfe": 99.17,
    "mae": -309.75,
    "hold_time_minutes": 197,
    "cumulative_pnl": 320.24,
    "session": "new_york",
    "setup_type": "continuation"
  },
  {
    "id": "trade_5",
    "symbol": "MES",
    "direction": "short",
    "entry_time": "2025-10-06T08:33:41.911368",
    "exit_time": "2025-10-06T08:47:41.911368",
    "entry_price": 4855.27,
    "exit_price": 4867.26,
    "contracts": 5,
    "pnl": -599.69,
    "mfe": 294.84,
    "mae": -678.08,
    "hold_time_minutes": 14,
    "cumulative_pnl": 200.3,
    "session": "new_york",
    "setup_type": "pullback"
  },
  {
    "id": "trade_6",
    "symbol": "MES",
    "direction": "long",
    "entry_time": "2025-10-12T01:03:41.911368",
    "exit_time": "2025-10-12T01:17:41.911368",
    "entry_price": 5321.8,
    "exit_price": 5353.74,
    "contracts": 3,
    "pnl": 958.08,
    "mfe": 2324.09,
    "mae": -683.55,
    "hold_time_minutes": 14,
    "cumulative_pnl": 519.66,
    "session": "london",
    "setup_type": "continuation"
  },
  {
    "id": "trade_7",
    "symbol": "M2K",
    "direction": "short",
    "entry_time": "2025-09-05T10:08:41.911368",
    "exit_time": "2025-09-05T13:42:41.911368",
    "entry_price": 1928.57,
    "exit_price": 1931.36,
    "contracts": 2,
    "pnl": -55.81,
    "mfe": 24.19,
    "mae": -71.98,
    "hold_time_minutes": 214,
    "cumulative_pnl": 491.75,
    "session": "overlap",
    "setup_type": "breakout"
  },
  {
    "id": "trade_8",
    "symbol": "MES",
    "direction": "long",
    "entry_time": "2025-07-23T08:17:41.911368",
    "exit_time": "2025-07-23T09:20:41.911368",
    "entry_price": 5292.08,
    "exit_price": 5323.27,
    "contracts": 1,
    "pnl": 311.86,
    "mfe": 563.98,
    "mae": -86.07,
    "hold_time_minutes": 63,
    "cumulative_pnl": 803.61,
    "session": "asian",
    "setup_type": "reversal"
  },
  {
    "id": "trade_9",
    "symbol": "MGC",
    "direction": "short",
    "entry_time": "2025-10-07T00:17:41.911368",
    "exit_time": "2025-10-07T00:26:41.911368",
    "entry_price": 1863.26,
    "exit_price": 1865.64,
    "contracts": 3,
    "pnl": -71.46,
    "mfe": 28.8,
    "mae": -77.54,
    "hold_time_minutes": 9,
    "cumulative_pnl": 779.79,
    "session": "london",
    "setup_type": "pullback"
  },
  {
    "id": "trade_10",
    "symbol": "M2K",
    "direction": "long",
    "entry_time": "2025-09-02T07:20:41.911368",
    "exit_time": "2025-09-02T08:05:41.911368",
    "entry_price": 2019.79,
    "exit_price": 2011.56,
    "contracts": 1,
    "pnl": -82.27,
    "mfe": 43.82,
    "mae": -102.51,
    "hold_time_minutes": 45,
    "cumulative_pnl": 697.52,
    "session": "london",
    "setup_type": "breakout"
  },
  {
    "id": "trade_11",
    "symbol": "MES",
    "direction": "long",
    "entry_time": "2025-07-27T06:41:41.911368",
    "exit_time": "2025-07-27T06:51:41.911368",
    "entry_price": 4628.39,
    "exit_price": 4665.25,
    "contracts": 2,
    "pnl": 737.14,
    "mfe": 1290.05,
    "mae": -183.0,
    "hold_time_minutes": 10,
    "cumulative_pnl": 1066.09,
    "session": "new_york",
    "setup_type": "continuation"
  },
  {
    "id": "trade_12",
    "symbol": "MGC",
    "direction": "short",
    "entry_time": "2025-10-10T05:33:41.911368",
    "exit_time": "2025-10-10T05:42:41.911368",
    "entry_price": 1848.4,
    "exit_price": 1841.0,
    "contracts": 1,
    "pnl": 73.98,
    "mfe": 145.37,
    "mae": -7.77,
    "hold_time_minutes": 9,
    "cumulative_pnl": 1140.07,
    "session": "london",
    "setup_type": "breakout"
  },
  {
    "id": "trade_13",
    "symbol": "MES",
    "direction": "long",
    "entry_time": "2025-07-21T08:31:41.911368",
    "exit_time": "2025-07-21T08:59:41.911368",
    "entry_price": 4778.48,
    "exit_price": 4759.05,
    "contracts": 5,
    "pnl": -971.58,
    "mfe": 418.25,
    "mae": -1160.46,
    "hold_time_minutes": 28,
    "cumulative_pnl": 945.75,
    "session": "overlap",
    "setup_type": "pullback"
  },
  {
    "id": "trade_14",
    "symbol": "MGC",
    "direction": "short",
    "entry_time": "2025-07-28T20:52:41.911368",
    "exit_time": "2025-07-28T20:53:41.911368",
    "entry_price": 1969.43,
    "exit_price": 1977.81,
    "contracts": 3,
    "pnl": -251.5,
    "mfe": 60.2,
    "mae": -332.51,
    "hold_time_minutes": 1,
    "cumulative_pnl": 861.92,
    "session": "asian",
    "setup_type": "pullback"
  },
  {
    "id": "trade_15",
    "symbol": "MGC",
    "direction": "long",
    "entry_time": "2025-08-09T22:44:41.911368",
    "exit_time": "2025-08-09T22:45:41.911368",
    "entry_price": 1968.75,
    "exit_price": 1966.36,
    "contracts": 1,
    "pnl": -23.95,
    "mfe": 12.53,
    "mae": -40.35,
    "hold_time_minutes": 1,
    "cumulative_pnl": 837.97,
    "session": "asian",
    "setup_type": "breakout"
  },
  {
    "id": "trade_16",
    "symbol": "MES",
    "direction": "long",
    "entry_time": "2025-07-28T09:58:41.911368",
    "exit_time": "2025-07-28T10:06:41.911368",
    "entry_price": 4906.41,
    "exit_price": 4896.87,
    "contracts": 5,
    "pnl": -476.99,
    "mfe": 95.81,
    "mae": -625.97,
    "hold_time_minutes": 8,
    "cumulative_pnl": 742.57,
    "session": "new_york",
    "setup_type": "continuation"
  },
  {
    "id": "trade_17",
    "symbol": "M2K",
    "direction": "short",
    "entry_time": "2025-10-14T07:00:41.911368",
    "exit_time": "2025-10-14T07:04:41.911368",
    "entry_price": 1930.96,
    "exit_price": 1935.36,
    "contracts": 5,
    "pnl": -220.04,
    "mfe": 109.84,
    "mae": -230.11,
    "hold_time_minutes": 4,
    "cumulative_pnl": 698.56,
    "session": "london",
    "setup_type": "breakout"
  },
  {
    "id": "trade_18",
    "symbol": "MES",
    "direction": "long",
    "entry_time": "2025-09-19T21:04:41.911368",
    "exit_time": "2025-09-19T21:36:41.911368",
    "entry_price": 5095.04,
    "exit_price": 5149.4,
    "contracts": 1,
    "pnl": 543.65,
    "mfe": 1055.0,
    "mae": -274.68,
    "hold_time_minutes": 32,
    "cumulative_pnl": 1242.21,
    "session": "asian",
    "setup_type": "continuation"
  },
  {
    "id": "trade_19",
    "symbol": "M2K",
    "direction": "short",
    "entry_time": "2025-10-09T04:46:41.911368",
    "exit_time": "2025-10-09T04:51:41.911368",
    "entry_price": 2086.94,
    "exit_price": 2080.15,
    "contracts": 3,
    "pnl": 203.81,
    "mfe": 422.54,
    "mae": -63.18,
    "hold_time_minutes": 5,
    "cumulative_pnl": 1310.15,
    "session": "asian",
    "setup_type": "breakout"
  },
  {
    "id": "trade_20",
    "symbol": "MES",
    "direction": "long",
    "entry_time": "2025-09-13T04:46:41.911368",
    "exit_time": "2025-09-13T04:48:41.911368",
    "entry_price": 5037.63,
    "exit_price": 5016.6,
    "contracts": 2,
    "pnl": -420.65,
    "mfe": 232.08,
    "mae": -545.01,
    "hold_time_minutes": 2,
    "cumulative_pnl": 1099.83,
    "session": "overlap",
    "setup_type": "reversal"
  },
  {
    "id": "trade_21",
    "symbol": "M2K",
    "direction": "long",
    "entry_time": "2025-10-03T07:51:41.911368",
    "exit_time": "2025-10-03T10:51:41.911368",
    "entry_price": 2033.57,
    "exit_price": 2029.42,
    "contracts": 2,
    "pnl": -83.03,
    "mfe": 20.44,
    "mae": -90.14,
    "hold_time_minutes": 180,
    "cumulative_pnl": 1058.31,
    "session": "new_york",
    "setup_type": "reversal"
  },
  {
    "id": "trade_22",
    "symbol": "MGC",
    "direction": "long",
    "entry_time": "2025-10-01T22:55:41.911368",
    "exit_time": "2025-10-01T23:09:41.911368",
    "entry_price": 2075.0,
    "exit_price": 2100.78,
    "contracts": 3,
    "pnl": 773.43,
    "mfe": 979.19,
    "mae": -420.75,
    "hold_time_minutes": 14,
    "cumulative_pnl": 1316.12,
    "session": "asian",
    "setup_type": "breakout"
  },
  {
    "id": "trade_23",
    "symbol": "M2K",
    "direction": "short",
    "entry_time": "2025-08-28T07:18:41.911368",
    "exit_time": "2025-08-28T07:40:41.911368",
    "entry_price": 1932.32,
    "exit_price": 1935.59,
    "contracts": 2,
    "pnl": -65.44,
    "mfe": 37.82,
    "mae": -101.61,
    "hold_time_minutes": 22,
    "cumulative_pnl": 1283.4,
    "session": "asian",
    "setup_type": "reversal"
  },
  {
    "id": "trade_24",
    "symbol": "MGC",
    "direction": "long",
    "entry_time": "2025-09-29T03:19:41.911368",
    "exit_time": "2025-09-29T03:21:41.911368",
    "entry_price": 1816.73,
    "exit_price": 1813.56,
    "contracts": 5,
    "pnl": -158.58,
    "mfe": 47.54,
    "mae": -171.62,
    "hold_time_minutes": 2,
    "cumulative_pnl": 1251.69,
    "session": "london",
    "setup_type": "pullback"
  },
  {
    "id": "trade_25",
    "symbol": "MES",
    "direction": "short",
    "entry_time": "2025-08-06T08:01:41.911368",
    "exit_time": "2025-08-06T08:09:41.911368",
    "entry_price": 4524.79,
    "exit_price": 4541.07,
    "contracts": 2,
    "pnl": -325.59,
    "mfe": 152.36,
    "mae": -517.05,
    "hold_time_minutes": 8,
    "cumulative_pnl": 1088.89,
    "session": "new_york",
    "setup_type": "pullback"
  },
  {
    "id": "trade_26",
    "symbol": "MES",
    "direction": "short",
    "entry_time": "2025-10-13T20:34:41.911368",
    "exit_time": "2025-10-13T20:57:41.911368",
    "entry_price": 4722.43,
    "exit_price": 4669.22,
    "contracts": 2,
    "pnl": 1064.22,
    "mfe": 2482.53,
    "mae": -272.49,
    "hold_time_minutes": 23,
    "cumulative_pnl": 1621.0,
    "session": "overlap",
    "setup_type": "reversal"
  },
  {
    "id": "trade_27",
    "symbol": "MGC",
    "direction": "short",
    "entry_time": "2025-08-21T08:14:41.911368",
    "exit_time": "2025-08-21T08:17:41.911368",
    "entry_price": 2056.59,
    "exit_price": 2059.88,
    "contracts": 3,
    "pnl": -98.66,
    "mfe": 58.03,
    "mae": -112.75,
    "hold_time_minutes": 3,
    "cumulative_pnl": 1588.12,
    "session": "asian",
    "setup_type": "breakout"
  },
  {
    "id": "trade_28",
    "symbol": "M2K",
    "direction": "short",
    "entry_time": "2025-10-01T01:32:41.911368",
    "exit_time": "2025-10-01T02:07:41.911368",
    "entry_price": 1987.28,
    "exit_price": 1966.15,
    "contracts": 1,
    "pnl": 211.25,
    "mfe": 323.45,
    "mae": -125.94,
    "hold_time_minutes": 35,
    "cumulative_pnl": 1799.37,
    "session": "london",
    "setup_type": "reversal"
  },
  {
    "id": "trade_29",
    "symbol": "MGC",
    "direction": "short",
    "entry_time": "2025-09-09T20:52:41.911368",
    "exit_time": "2025-09-09T21:00:41.911368",
    "entry_price": 2065.35,
    "exit_price": 2058.13,
    "contracts": 2,
    "pnl": 144.46,
    "mfe": 234.61,
    "mae": -84.95,
    "hold_time_minutes": 8,
    "cumulative_pnl": 1871.59,
    "session": "london",
    "setup_type": "continuation"
  },
  {
    "id": "trade_30",
    "symbol": "M2K",
    "direction": "long",
    "entry_time": "2025-10-10T01:53:41.911368",
    "exit_time": "2025-10-10T02:05:41.911368",
    "entry_price": 2023.1,
    "exit_price": 2029.44,
    "contracts": 3,
    "pnl": 189.98,
    "mfe": 422.04,
    "mae": -99.68,
    "hold_time_minutes": 12,
    "cumulative_pnl": 1934.92,
    "session": "overlap",
    "setup_type": "continuation"
  },
  {
    "id": "trade_31",
    "symbol": "M2K",
    "direction": "short",
    "entry_time": "2025-09-11T05:23:41.911368",
    "exit_time": "2025-09-11T05:31:41.911368",
    "entry_price": 2058.75,
    "exit_price": 2066.56,
    "contracts": 1,
    "pnl": -78.09,
    "mfe": 36.35,
    "mae": -116.77,
    "hold_time_minutes": 8,
    "cumulative_pnl": 1856.83,
    "session": "london",
    "setup_type": "reversal"
  },
  {
    "id": "trade_32",
    "symbol": "MES",
    "direction": "long",
    "entry_time": "2025-08-14T07:22:41.911368",
    "exit_time": "2025-08-14T12:45:41.911368",
    "entry_price": 4546.21,
    "exit_price": 4608.42,
    "contracts": 5,
    "pnl": 3110.35,
    "mfe": 6060.11,
    "mae": -1875.05,
    "hold_time_minutes": 323,
    "cumulative_pnl": 2478.9,
    "session": "overlap",
    "setup_type": "continuation"
  },
  {
    "id": "trade_33",
    "symbol": "M2K",
    "direction": "long",
    "entry_time": "2025-08-16T21:51:41.911368",
    "exit_time": "2025-08-16T22:10:41.911368",
    "entry_price": 2078.53,
    "exit_price": 2071.9,
    "contracts": 5,
    "pnl": -331.83,
    "mfe": 173.1,
    "mae": -516.57,
    "hold_time_minutes": 19,
    "cumulative_pnl": 2412.54,
    "session": "asian",
    "setup_type": "pullback"
  },
  {
    "id": "trade_34",
    "symbol": "MGC",
    "direction": "short",
    "entry_time": "2025-08-01T02:18:41.911368",
    "exit_time": "2025-08-01T02:22:41.911368",
    "entry_price": 2180.02,
    "exit_price": 2190.45,
    "contracts": 5,
    "pnl": -521.49,
    "mfe": 291.45,
    "mae": -831.74,
    "hold_time_minutes": 4,
    "cumulative_pnl": 2308.24,
    "session": "overlap",
    "setup_type": "reversal"
  },
  {
    "id": "trade_35",
    "symbol": "MGC",
    "direction": "short",
    "entry_time": "2025-08-17T08:50:41.911368",
    "exit_time": "2025-08-17T09:58:41.911368",
    "entry_price": 2050.7,
    "exit_price": 2053.86,
    "contracts": 1,
    "pnl": -31.61,
    "mfe": 10.57,
    "mae": -54.19,
    "hold_time_minutes": 68,
    "cumulative_pnl": 2276.63,
    "session": "london",
    "setup_type": "pullback"
  },
  {
    "id": "trade_36",
    "symbol": "MES",
    "direction": "long",
    "entry_time": "2025-08-15T01:54:41.911368",
    "exit_time": "2025-08-15T01:57:41.911368",
    "entry_price": 4564.23,
    "exit_price": 4581.2,
    "contracts": 1,
    "pnl": 169.72,
    "mfe": 296.37,
    "mae": -124.47,
    "hold_time_minutes": 3,
    "cumulative_pnl": 2446.35,
    "session": "overlap",
    "setup_type": "continuation"
  },
  {
    "id": "trade_37",
    "symbol": "MGC",
    "direction": "short",
    "entry_time": "2025-07-17T00:29:41.911368",
    "exit_time": "2025-07-17T00:56:41.911368",
    "entry_price": 2015.29,
    "exit_price": 2003.02,
    "contracts": 5,
    "pnl": 613.5,
    "mfe": 1123.53,
    "mae": -228.35,
    "hold_time_minutes": 27,
    "cumulative_pnl": 2569.05,
    "session": "london",
    "setup_type": "continuation"
  },
  {
    "id": "trade_38",
    "symbol": "MES",
    "direction": "short",
    "entry_time": "2025-08-02T04:44:41.911368",
    "exit_time": "2025-08-02T04:45:41.911368",
    "entry_price": 5091.89,
    "exit_price": 5103.71,
    "contracts": 5,
    "pnl": -591.06,
    "mfe": 227.37,
    "mae": -614.84,
    "hold_time_minutes": 1,
    "cumulative_pnl": 2450.84,
    "session": "new_york",
    "setup_type": "pullback"
  },
  {
    "id": "trade_39",
    "symbol": "MGC",
    "direction": "short",
    "entry_time": "2025-09-13T00:31:41.911368",
    "exit_time": "2025-09-13T00:33:41.911368",
    "entry_price": 2100.8,
    "exit_price": 2109.63,
    "contracts": 3,
    "pnl": -264.65,
    "mfe": 132.22,
    "mae": -275.68,
    "hold_time_minutes": 2,
    "cumulative_pnl": 2362.63,
    "session": "london",
    "setup_type": "breakout"
  },
  {
    "id": "trade_40",
    "symbol": "MES",
    "direction": "long",
    "entry_time": "2025-10-07T19:58:41.911368",
    "exit_time": "2025-10-07T20:24:41.911368",
    "entry_price": 4699.36,
    "exit_price": 4709.26,
    "contracts": 5,
    "pnl": 494.81,
    "mfe": 667.35,
    "mae": -377.75,
    "hold_time_minutes": 26,
    "cumulative_pnl": 2461.59,
    "session": "new_york",
    "setup_type": "reversal"
  },
  {
    "id": "trade_41",
    "symbol": "M2K",
    "direction": "long",
    "entry_time": "2025-08-07T04:48:41.911368",
    "exit_time": "2025-08-07T05:48:41.911368",
    "entry_price": 2055.56,
    "exit_price": 2059.14,
    "contracts": 5,
    "pnl": 178.84,
    "mfe": 287.14,
    "mae": -102.68,
    "hold_time_minutes": 60,
    "cumulative_pnl": 2497.35,
    "session": "overlap",
    "setup_type": "pullback"
  },
  {
    "id": "trade_42",
    "symbol": "M2K",
    "direction": "long",
    "entry_time": "2025-07-26T04:54:41.911368",
    "exit_time": "2025-07-26T05:19:41.911368",
    "entry_price": 1920.38,
    "exit_price": 1912.01,
    "contracts": 3,
    "pnl": -251.16,
    "mfe": 54.36,
    "mae": -358.21,
    "hold_time_minutes": 25,
    "cumulative_pnl": 2413.63,
    "session": "asian",
    "setup_type": "reversal"
  },
  {
    "id": "trade_43",
    "symbol": "MGC",
    "direction": "long",
    "entry_time": "2025-07-18T08:36:41.911368",
    "exit_time": "2025-07-18T08:52:41.911368",
    "entry_price": 1973.41,
    "exit_price": 1968.89,
    "contracts": 3,
    "pnl": -135.62,
    "mfe": 66.93,
    "mae": -240.37,
    "hold_time_minutes": 16,
    "cumulative_pnl": 2368.43,
    "session": "overlap",
    "setup_type": "continuation"
  },
  {
    "id": "trade_44",
    "symbol": "M2K",
    "direction": "short",
    "entry_time": "2025-09-10T08:56:41.911368",
    "exit_time": "2025-09-10T09:08:41.911368",
    "entry_price": 1964.46,
    "exit_price": 1957.06,
    "contracts": 5,
    "pnl": 370.2,
    "mfe": 805.41,
    "mae": -184.69,
    "hold_time_minutes": 12,
    "cumulative_pnl": 2442.47,
    "session": "new_york",
    "setup_type": "breakout"
  },
  {
    "id": "trade_45",
    "symbol": "MES",
    "direction": "short",
    "entry_time": "2025-09-18T08:30:41.911368",
    "exit_time": "2025-09-18T08:32:41.911368",
    "entry_price": 4712.12,
    "exit_price": 4668.82,
    "contracts": 2,
    "pnl": 865.96,
    "mfe": 2029.94,
    "mae": -423.5,
    "hold_time_minutes": 2,
    "cumulative_pnl": 2875.45,
    "session": "asian",
    "setup_type": "pullback"
  },
  {
    "id": "trade_46",
    "symbol": "MES",
    "direction": "short",
    "entry_time": "2025-09-07T02:45:41.911368",
    "exit_time": "2025-09-07T02:51:41.911368",
    "entry_price": 5145.9,
    "exit_price": 5123.9,
    "contracts": 3,
    "pnl": 660.21,
    "mfe": 1385.99,
    "mae": -207.53,
    "hold_time_minutes": 6,
    "cumulative_pnl": 3095.52,
    "session": "overlap",
    "setup_type": "reversal"
  },
  {
    "id": "trade_47",
    "symbol": "MGC",
    "direction": "short",
    "entry_time": "2025-09-09T06:45:41.911368",
    "exit_time": "2025-09-09T06:55:41.911368",
    "entry_price": 2081.14,
    "exit_price": 2070.55,
    "contracts": 2,
    "pnl": 211.84,
    "mfe": 341.11,
    "mae": -131.34,
    "hold_time_minutes": 10,
    "cumulative_pnl": 3201.44,
    "session": "london",
    "setup_type": "pullback"
  },
  {
    "id": "trade_48",
    "symbol": "M2K",
    "direction": "short",
    "entry_time": "2025-09-15T23:56:41.911368",
    "exit_time": "2025-09-16T01:34:41.911368",
    "entry_price": 2096.1,
    "exit_price": 2083.77,
    "contracts": 3,
    "pnl": 370.05,
    "mfe": 450.86,
    "mae": -175.36,
    "hold_time_minutes": 98,
    "cumulative_pnl": 3324.79,
    "session": "asian",
    "setup_type": "breakout"
  },
  {
    "id": "trade_49",
    "symbol": "MES",
    "direction": "short",
    "entry_time": "2025-09-24T23:54:41.911368",
    "exit_time": "2025-09-25T00:27:41.911368",
    "entry_price": 4602.59,
    "exit_price": 4593.51,
    "contracts": 5,
    "pnl": 454.1,
    "mfe": 653.75,
    "mae": -61.74,
    "hold_time_minutes": 33,
    "cumulative_pnl": 3415.61,
    "session": "asian",
    "setup_type": "breakout"
  },
  {
    "id": "trade_50",
    "symbol": "M2K",
    "direction": "long",
    "entry_time": "2025-09-06T02:14:41.911368",
    "exit_time": "2025-09-06T02:15:41.911368",
    "entry_price": 1930.35,
    "exit_price": 1942.61,
    "contracts": 2,
    "pnl": 245.21,
    "mfe": 472.15,
    "mae": -95.96,
    "hold_time_minutes": 1,
    "cumulative_pnl": 3538.21,
    "session": "overlap",
    "setup_type": "continuation"
  },
  {
    "id": "trade_51",
    "symbol": "M2K",
    "direction": "short",
    "entry_time": "2025-09-11T00:05:41.911368",
    "exit_time": "2025-09-11T00:37:41.911368",
    "entry_price": 1961.08,
    "exit_price": 1965.91,
    "contracts": 2,
    "pnl": -96.72,
    "mfe": 27.51,
    "mae": -147.82,
    "hold_time_minutes": 32,
    "cumulative_pnl": 3489.85,
    "session": "london",
    "setup_type": "pullback"
  },
  {
    "id": "trade_52",
    "symbol": "MES",
    "direction": "short",
    "entry_time": "2025-09-24T20:20:41.911368",
    "exit_time": "2025-09-24T20:31:41.911368",
    "entry_price": 4950.5,
    "exit_price": 4924.17,
    "contracts": 1,
    "pnl": 263.37,
    "mfe": 412.84,
    "mae": -184.81,
    "hold_time_minutes": 11,
    "cumulative_pnl": 3753.22,
    "session": "london",
    "setup_type": "reversal"
  },
  {
    "id": "trade_53",
    "symbol": "MES",
    "direction": "short",
    "entry_time": "2025-10-05T04:52:41.911368",
    "exit_time": "2025-10-05T04:59:41.911368",
    "entry_price": 4614.78,
    "exit_price": 4626.4,
    "contracts": 3,
    "pnl": -348.82,
    "mfe": 79.73,
    "mae": -395.12,
    "hold_time_minutes": 7,
    "cumulative_pnl": 3636.95,
    "session": "new_york",
    "setup_type": "continuation"
  },
  {
    "id": "trade_54",
    "symbol": "MGC",
    "direction": "short",
    "entry_time": "2025-08-01T02:54:41.911368",
    "exit_time": "2025-08-01T03:44:41.911368",
    "entry_price": 2177.07,
    "exit_price": 2162.72,
    "contracts": 3,
    "pnl": 430.56,
    "mfe": 1014.51,
    "mae": -264.44,
    "hold_time_minutes": 50,
    "cumulative_pnl": 3780.47,
    "session": "asian",
    "setup_type": "breakout"
  },
  {
    "id": "trade_55",
    "symbol": "M2K",
    "direction": "long",
    "entry_time": "2025-08-15T06:03:41.911368",
    "exit_time": "2025-08-15T07:37:41.911368",
    "entry_price": 2099.91,
    "exit_price": 2090.13,
    "contracts": 5,
    "pnl": -489.26,
    "mfe": 132.14,
    "mae": -692.38,
    "hold_time_minutes": 94,
    "cumulative_pnl": 3682.62,
    "session": "new_york",
    "setup_type": "pullback"
  },
  {
    "id": "trade_56",
    "symbol": "MGC",
    "direction": "long",
    "entry_time": "2025-09-29T01:50:41.911368",
    "exit_time": "2025-09-29T03:11:41.911368",
    "entry_price": 1988.0,
    "exit_price": 1980.9,
    "contracts": 3,
    "pnl": -213.24,
    "mfe": 70.78,
    "mae": -331.58,
    "hold_time_minutes": 81,
    "cumulative_pnl": 3611.54,
    "session": "overlap",
    "setup_type": "breakout"
  },
  {
    "id": "trade_57",
    "symbol": "MGC",
    "direction": "short",
    "entry_time": "2025-09-12T20:30:41.911368",
    "exit_time": "2025-09-12T20:35:41.911368",
    "entry_price": 1846.37,
    "exit_price": 1854.24,
    "contracts": 3,
    "pnl": -236.21,
    "mfe": 86.29,
    "mae": -271.66,
    "hold_time_minutes": 5,
    "cumulative_pnl": 3532.8,
    "session": "overlap",
    "setup_type": "continuation"
  },
  {
    "id": "trade_58",
    "symbol": "M2K",
    "direction": "long",
    "entry_time": "2025-07-22T22:27:41.911368",
    "exit_time": "2025-07-22T22:39:41.911368",
    "entry_price": 2085.53,
    "exit_price": 2102.45,
    "contracts": 2,
    "pnl": 338.26,
    "mfe": 673.65,
    "mae": -90.49,
    "hold_time_minutes": 12,
    "cumulative_pnl": 3701.93,
    "session": "new_york",
    "setup_type": "breakout"
  },
  {
    "id": "trade_59",
    "symbol": "MES",
    "direction": "long",
    "entry_time": "2025-09-25T01:15:41.911368",
    "exit_time": "2025-09-25T01:48:41.911368",
    "entry_price": 4961.45,
    "exit_price": 4979.19,
    "contracts": 5,
    "pnl": 887.23,
    "mfe": 1651.6,
    "mae": -258.54,
    "hold_time_minutes": 33,
    "cumulative_pnl": 3879.38,
    "session": "overlap",
    "setup_type": "pullback"
  },
  {
    "id": "trade_60",
    "symbol": "MGC",
    "direction": "long",
    "entry_time": "2025-09-13T03:19:41.911368",
    "exit_time": "2025-09-13T04:45:41.911368",
    "entry_price": 2168.75,
    "exit_price": 2163.64,
    "contracts": 3,
    "pnl": -153.18,
    "mfe": 79.04,
    "mae": -204.03,
    "hold_time_minutes": 86,
    "cumulative_pnl": 3828.32,
    "session": "asian",
    "setup_type": "reversal"
  },
  {
    "id": "trade_61",
    "symbol": "M2K",
    "direction": "short",
    "entry_time": "2025-08-24T08:47:41.911368",
    "exit_time": "2025-08-24T08:56:41.911368",
    "entry_price": 2073.05,
    "exit_price": 2060.9,
    "contracts": 3,
    "pnl": 364.55,
    "mfe": 694.99,
    "mae": -152.65,
    "hold_time_minutes": 9,
    "cumulative_pnl": 3949.83,
    "session": "london",
    "setup_type": "pullback"
  },
  {
    "id": "trade_62",
    "symbol": "MGC",
    "direction": "long",
    "entry_time": "2025-09-28T01:24:41.911368",
    "exit_time": "2025-09-28T01:39:41.911368",
    "entry_price": 1927.27,
    "exit_price": 1940.24,
    "contracts": 5,
    "pnl": 648.58,
    "mfe": 1470.31,
    "mae": -510.16,
    "hold_time_minutes": 15,
    "cumulative_pnl": 4079.55,
    "session": "asian",
    "setup_type": "pullback"
  },
  {
    "id": "trade_63",
    "symbol": "MES",
    "direction": "short",
    "entry_time": "2025-09-19T04:31:41.911368",
    "exit_time": "2025-09-19T04:34:41.911368",
    "entry_price": 4599.71,
    "exit_price": 4619.14,
    "contracts": 5,
    "pnl": -971.44,
    "mfe": 448.72,
    "mae": -1091.4,
    "hold_time_minutes": 3,
    "cumulative_pnl": 3885.26,
    "session": "new_york",
    "setup_type": "reversal"
  },
  {
    "id": "trade_64",
    "symbol": "M2K",
    "direction": "long",
    "entry_time": "2025-10-04T06:35:41.911368",
    "exit_time": "2025-10-04T06:38:41.911368",
    "entry_price": 2070.35,
    "exit_price": 2060.07,
    "contracts": 1,
    "pnl": -102.86,
    "mfe": 57.09,
    "mae": -143.02,
    "hold_time_minutes": 3,
    "cumulative_pnl": 3782.4,
    "session": "asian",
    "setup_type": "pullback"
  },
  {
    "id": "trade_65",
    "symbol": "MGC",
    "direction": "long",
    "entry_time": "2025-10-05T06:08:41.911368",
    "exit_time": "2025-10-05T07:15:41.911368",
    "entry_price": 2098.71,
    "exit_price": 2091.79,
    "contracts": 3,
    "pnl": -207.38,
    "mfe": 49.81,
    "mae": -234.98,
    "hold_time_minutes": 67,
    "cumulative_pnl": 3713.27,
    "session": "asian",
    "setup_type": "breakout"
  },
  {
    "id": "trade_66",
    "symbol": "MGC",
    "direction": "short",
    "entry_time": "2025-08-27T07:13:41.911368",
    "exit_time": "2025-08-27T09:46:41.911368",
    "entry_price": 1949.94,
    "exit_price": 1953.92,
    "contracts": 5,
    "pnl": -199.39,
    "mfe": 53.44,
    "mae": -211.99,
    "hold_time_minutes": 153,
    "cumulative_pnl": 3673.39,
    "session": "london",
    "setup_type": "continuation"
  },
  {
    "id": "trade_67",
    "symbol": "MGC",
    "direction": "short",
    "entry_time": "2025-09-28T21:24:41.911368",
    "exit_time": "2025-09-28T21:42:41.911368",
    "entry_price": 1983.83,
    "exit_price": 1992.4,
    "contracts": 3,
    "pnl": -257.03,
    "mfe": 67.65,
    "mae": -347.86,
    "hold_time_minutes": 18,
    "cumulative_pnl": 3587.72,
    "session": "new_york",
    "setup_type": "continuation"
  },
  {
    "id": "trade_68",
    "symbol": "MGC",
    "direction": "long",
    "entry_time": "2025-10-12T23:39:41.911368",
    "exit_time": "2025-10-13T01:09:41.911368",
    "entry_price": 2199.75,
    "exit_price": 2220.56,
    "contracts": 3,
    "pnl": 624.39,
    "mfe": 1215.85,
    "mae": -496.32,
    "hold_time_minutes": 90,
    "cumulative_pnl": 3795.85,
    "session": "asian",
    "setup_type": "continuation"
  },
  {
    "id": "trade_69",
    "symbol": "M2K",
    "direction": "long",
    "entry_time": "2025-08-20T19:46:41.911368",
    "exit_time": "2025-08-20T20:20:41.911368",
    "entry_price": 2082.12,
    "exit_price": 2076.07,
    "contracts": 2,
    "pnl": -121.03,
    "mfe": 63.03,
    "mae": -142.23,
    "hold_time_minutes": 34,
    "cumulative_pnl": 3735.33,
    "session": "new_york",
    "setup_type": "pullback"
  },
  {
    "id": "trade_70",
    "symbol": "M2K",
    "direction": "long",
    "entry_time": "2025-10-04T21:07:41.911368",
    "exit_time": "2025-10-04T21:14:41.911368",
    "entry_price": 1961.79,
    "exit_price": 1958.59,
    "contracts": 2,
    "pnl": -63.98,
    "mfe": 20.35,
    "mae": -102.24,
    "hold_time_minutes": 7,
    "cumulative_pnl": 3703.34,
    "session": "london",
    "setup_type": "pullback"
  },
  {
    "id": "trade_71",
    "symbol": "M2K",
    "direction": "short",
    "entry_time": "2025-09-24T09:33:41.911368",
    "exit_time": "2025-09-24T10:07:41.911368",
    "entry_price": 2066.09,
    "exit_price": 2069.43,
    "contracts": 5,
    "pnl": -166.57,
    "mfe": 91.31,
    "mae": -273.75,
    "hold_time_minutes": 34,
    "cumulative_pnl": 3670.02,
    "session": "asian",
    "setup_type": "pullback"
  },
  {
    "id": "trade_72",
    "symbol": "M2K",
    "direction": "short",
    "entry_time": "2025-08-14T08:53:41.911368",
    "exit_time": "2025-08-14T12:14:41.911368",
    "entry_price": 2093.45,
    "exit_price": 2077.65,
    "contracts": 3,
    "pnl": 474.0,
    "mfe": 731.75,
    "mae": -88.41,
    "hold_time_minutes": 201,
    "cumulative_pnl": 3828.02,
    "session": "new_york",
    "setup_type": "continuation"
  },
  {
    "id": "trade_73",
    "symbol": "M2K",
    "direction": "long",
    "entry_time": "2025-10-06T00:16:41.911368",
    "exit_time": "2025-10-06T00:35:41.911368",
    "entry_price": 1994.3,
    "exit_price": 1989.29,
    "contracts": 3,
    "pnl": -150.11,
    "mfe": 33.82,
    "mae": -249.05,
    "hold_time_minutes": 19,
    "cumulative_pnl": 3777.99,
    "session": "overlap",
    "setup_type": "breakout"
  },
  {
    "id": "trade_74",
    "symbol": "MGC",
    "direction": "short",
    "entry_time": "2025-08-02T19:12:41.911368",
    "exit_time": "2025-08-02T22:41:41.911368",
    "entry_price": 1846.45,
    "exit_price": 1840.21,
    "contracts": 5,
    "pnl": 311.88,
    "mfe": 759.17,
    "mae": -183.24,
    "hold_time_minutes": 209,
    "cumulative_pnl": 3840.36,
    "session": "london",
    "setup_type": "continuation"
  },
  {
    "id": "trade_75",
    "symbol": "MGC",
    "direction": "short",
    "entry_time": "2025-10-07T21:03:41.911368",
    "exit_time": "2025-10-07T21:03:41.911368",
    "entry_price": 2175.62,
    "exit_price": 2166.91,
    "contracts": 3,
    "pnl": 261.31,
    "mfe": 393.77,
    "mae": -92.47,
    "hold_time_minutes": 0,
    "cumulative_pnl": 3927.46,
    "session": "new_york",
    "setup_type": "breakout"
  },
  {
    "id": "trade_76",
    "symbol": "MES",
    "direction": "short",
    "entry_time": "2025-09-04T23:22:41.911368",
    "exit_time": "2025-09-05T00:30:41.911368",
    "entry_price": 4591.67,
    "exit_price": 4577.52,
    "contracts": 2,
    "pnl": 282.97,
    "mfe": 703.32,
    "mae": -184.18,
    "hold_time_minutes": 68,
    "cumulative_pnl": 4068.95,
    "session": "asian",
    "setup_type": "pullback"
  },
  {
    "id": "trade_77",
    "symbol": "MES",
    "direction": "short",
    "entry_time": "2025-09-29T23:02:41.911368",
    "exit_time": "2025-09-29T23:24:41.911368",
    "entry_price": 5274.37,
    "exit_price": 5209.33,
    "contracts": 2,
    "pnl": 1300.77,
    "mfe": 3230.82,
    "mae": -621.96,
    "hold_time_minutes": 22,
    "cumulative_pnl": 4719.33,
    "session": "asian",
    "setup_type": "breakout"
  },
  {
    "id": "trade_78",
    "symbol": "MES",
    "direction": "short",
    "entry_time": "2025-08-01T19:32:41.911368",
    "exit_time": "2025-08-01T19:44:41.911368",
    "entry_price": 4515.78,
    "exit_price": 4525.33,
    "contracts": 3,
    "pnl": -286.56,
    "mfe": 142.78,
    "mae": -395.74,
    "hold_time_minutes": 12,
    "cumulative_pnl": 4623.81,
    "session": "asian",
    "setup_type": "continuation"
  },
  {
    "id": "trade_79",
    "symbol": "MES",
    "direction": "short",
    "entry_time": "2025-09-18T22:49:41.911368",
    "exit_time": "2025-09-18T23:12:41.911368",
    "entry_price": 4958.04,
    "exit_price": 4990.48,
    "contracts": 5,
    "pnl": -1621.93,
    "mfe": 600.94,
    "mae": -1762.02,
    "hold_time_minutes": 23,
    "cumulative_pnl": 4299.43,
    "session": "asian",
    "setup_type": "breakout"
  },
  {
    "id": "trade_80",
    "symbol": "MES",
    "direction": "long",
    "entry_time": "2025-08-27T04:19:41.911368",
    "exit_time": "2025-08-27T04:20:41.911368",
    "entry_price": 4775.02,
    "exit_price": 4812.04,
    "contracts": 5,
    "pnl": 1850.95,
    "mfe": 2930.74,
    "mae": -840.12,
    "hold_time_minutes": 1,
    "cumulative_pnl": 4669.62,
    "session": "asian",
    "setup_type": "breakout"
  },
  {
    "id": "trade_81",
    "symbol": "M2K",
    "direction": "long",
    "entry_time": "2025-10-08T06:06:41.911368",
    "exit_time": "2025-10-08T06:20:41.911368",
    "entry_price": 1986.01,
    "exit_price": 2003.26,
    "contracts": 5,
    "pnl": 862.06,
    "mfe": 1500.67,
    "mae": -143.59,
    "hold_time_minutes": 14,
    "cumulative_pnl": 4842.03,
    "session": "new_york",
    "setup_type": "reversal"
  },
  {
    "id": "trade_82",
    "symbol": "MGC",
    "direction": "long",
    "entry_time": "2025-09-01T21:53:41.911368",
    "exit_time": "2025-09-01T22:27:41.911368",
    "entry_price": 1836.49,
    "exit_price": 1842.59,
    "contracts": 3,
    "pnl": 183.11,
    "mfe": 412.97,
    "mae": -89.63,
    "hold_time_minutes": 34,
    "cumulative_pnl": 4903.07,
    "session": "asian",
    "setup_type": "continuation"
  },
  {
    "id": "trade_83",
    "symbol": "MGC",
    "direction": "long",
    "entry_time": "2025-08-31T08:52:41.911368",
    "exit_time": "2025-08-31T11:56:41.911368",
    "entry_price": 2187.36,
    "exit_price": 2202.35,
    "contracts": 1,
    "pnl": 149.92,
    "mfe": 210.05,
    "mae": -65.59,
    "hold_time_minutes": 184,
    "cumulative_pnl": 5052.98,
    "session": "new_york",
    "setup_type": "reversal"
  },
  {
    "id": "trade_84",
    "symbol": "M2K",
    "direction": "long",
    "entry_time": "2025-07-31T07:27:41.911368",
    "exit_time": "2025-07-31T07:36:41.911368",
    "entry_price": 2061.44,
    "exit_price": 2050.99,
    "contracts": 3,
    "pnl": -313.67,
    "mfe": 149.74,
    "mae": -320.94,
    "hold_time_minutes": 9,
    "cumulative_pnl": 4948.42,
    "session": "new_york",
    "setup_type": "reversal"
  },
  {
    "id": "trade_85",
    "symbol": "MES",
    "direction": "short",
    "entry_time": "2025-08-29T19:21:41.911368",
    "exit_time": "2025-08-29T19:26:41.911368",
    "entry_price": 4569.59,
    "exit_price": 4532.25,
    "contracts": 2,
    "pnl": 746.62,
    "mfe": 1261.07,
    "mae": -311.75,
    "hold_time_minutes": 5,
    "cumulative_pnl": 5321.73,
    "session": "new_york",
    "setup_type": "reversal"
  },
  {
    "id": "trade_86",
    "symbol": "M2K",
    "direction": "long",
    "entry_time": "2025-08-27T07:46:41.911368",
    "exit_time": "2025-08-27T07:55:41.911368",
    "entry_price": 2076.67,
    "exit_price": 2074.07,
    "contracts": 5,
    "pnl": -130.06,
    "mfe": 60.45,
    "mae": -180.59,
    "hold_time_minutes": 9,
    "cumulative_pnl": 5295.72,
    "session": "overlap",
    "setup_type": "reversal"
  },
  {
    "id": "trade_87",
    "symbol": "MES",
    "direction": "short",
    "entry_time": "2025-08-13T07:42:41.911368",
    "exit_time": "2025-08-13T09:01:41.911368",
    "entry_price": 4929.91,
    "exit_price": 4912.91,
    "contracts": 1,
    "pnl": 170.02,
    "mfe": 252.76,
    "mae": -134.16,
    "hold_time_minutes": 79,
    "cumulative_pnl": 5465.74,
    "session": "asian",
    "setup_type": "pullback"
  },
  {
    "id": "trade_88",
    "symbol": "MES",
    "direction": "short",
    "entry_time": "2025-08-23T22:59:41.911368",
    "exit_time": "2025-08-23T23:31:41.911368",
    "entry_price": 4789.45,
    "exit_price": 4794.24,
    "contracts": 3,
    "pnl": -143.68,
    "mfe": 50.59,
    "mae": -224.56,
    "hold_time_minutes": 32,
    "cumulative_pnl": 5417.84,
    "session": "asian",
    "setup_type": "continuation"
  },
  {
    "id": "trade_89",
    "symbol": "MGC",
    "direction": "long",
    "entry_time": "2025-07-22T01:11:41.911368",
    "exit_time": "2025-07-22T01:20:41.911368",
    "entry_price": 2144.84,
    "exit_price": 2138.34,
    "contracts": 3,
    "pnl": -195.04,
    "mfe": 47.99,
    "mae": -198.3,
    "hold_time_minutes": 9,
    "cumulative_pnl": 5352.83,
    "session": "london",
    "setup_type": "continuation"
  },
  {
    "id": "trade_90",
    "symbol": "MES",
    "direction": "short",
    "entry_time": "2025-10-13T09:33:41.911368",
    "exit_time": "2025-10-13T10:16:41.911368",
    "entry_price": 5344.48,
    "exit_price": 5325.59,
    "contracts": 3,
    "pnl": 566.81,
    "mfe": 908.8,
    "mae": -191.39,
    "hold_time_minutes": 43,
    "cumulative_pnl": 5541.77,
    "session": "london",
    "setup_type": "breakout"
  },
  {
    "id": "trade_91",
    "symbol": "M2K",
    "direction": "long",
    "entry_time": "2025-09-20T05:17:41.911368",
    "exit_time": "2025-09-20T05:40:41.911368",
    "entry_price": 2081.18,
    "exit_price": 2087.64,
    "contracts": 1,
    "pnl": 64.51,
    "mfe": 93.96,
    "mae": -33.65,
    "hold_time_minutes": 23,
    "cumulative_pnl": 5606.28,
    "session": "london",
    "setup_type": "continuation"
  },
  {
    "id": "trade_92",
    "symbol": "M2K",
    "direction": "short",
    "entry_time": "2025-09-14T07:46:41.911368",
    "exit_time": "2025-09-14T09:11:41.911368",
    "entry_price": 2036.23,
    "exit_price": 2046.62,
    "contracts": 5,
    "pnl": -519.67,
    "mfe": 135.31,
    "mae": -548.06,
    "hold_time_minutes": 85,
    "cumulative_pnl": 5502.34,
    "session": "new_york",
    "setup_type": "reversal"
  },
  {
    "id": "trade_93",
    "symbol": "M2K",
    "direction": "long",
    "entry_time": "2025-09-29T19:32:41.911368",
    "exit_time": "2025-09-29T19:39:41.911368",
    "entry_price": 1962.08,
    "exit_price": 1970.75,
    "contracts": 1,
    "pnl": 86.72,
    "mfe": 176.74,
    "mae": -68.0,
    "hold_time_minutes": 7,
    "cumulative_pnl": 5589.06,
    "session": "overlap",
    "setup_type": "continuation"
  },
  {
    "id": "trade_94",
    "symbol": "M2K",
    "direction": "long",
    "entry_time": "2025-09-29T04:00:41.911368",
    "exit_time": "2025-09-29T04:12:41.911368",
    "entry_price": 1989.95,
    "exit_price": 2006.41,
    "contracts": 1,
    "pnl": 164.61,
    "mfe": 229.81,
    "mae": -23.59,
    "hold_time_minutes": 12,
    "cumulative_pnl": 5753.67,
    "session": "new_york",
    "setup_type": "breakout"
  },
  {
    "id": "trade_95",
    "symbol": "MES",
    "direction": "long",
    "entry_time": "2025-09-19T05:21:41.911368",
    "exit_time": "2025-09-19T05:32:41.911368",
    "entry_price": 5207.62,
    "exit_price": 5280.93,
    "contracts": 1,
    "pnl": 733.08,
    "mfe": 1248.91,
    "mae": -470.73,
    "hold_time_minutes": 11,
    "cumulative_pnl": 6486.75,
    "session": "new_york",
    "setup_type": "breakout"
  },
  {
    "id": "trade_96",
    "symbol": "M2K",
    "direction": "short",
    "entry_time": "2025-08-27T20:45:41.911368",
    "exit_time": "2025-08-27T20:47:41.911368",
    "entry_price": 1956.83,
    "exit_price": 1940.32,
    "contracts": 5,
    "pnl": 825.23,
    "mfe": 1142.01,
    "mae": -284.6,
    "hold_time_minutes": 2,
    "cumulative_pnl": 6651.8,
    "session": "london",
    "setup_type": "breakout"
  },
  {
    "id": "trade_97",
    "symbol": "M2K",
    "direction": "short",
    "entry_time": "2025-08-25T03:34:41.911368",
    "exit_time": "2025-08-25T04:05:41.911368",
    "entry_price": 2062.64,
    "exit_price": 2069.65,
    "contracts": 2,
    "pnl": -140.2,
    "mfe": 48.33,
    "mae": -180.87,
    "hold_time_minutes": 31,
    "cumulative_pnl": 6581.7,
    "session": "london",
    "setup_type": "reversal"
  },
  {
    "id": "trade_98",
    "symbol": "MES",
    "direction": "long",
    "entry_time": "2025-09-16T22:24:41.911368",
    "exit_time": "2025-09-16T22:53:41.911368",
    "entry_price": 4577.17,
    "exit_price": 4618.83,
    "contracts": 3,
    "pnl": 1250.07,
    "mfe": 2700.44,
    "mae": -585.75,
    "hold_time_minutes": 29,
    "cumulative_pnl": 6998.39,
    "session": "london",
    "setup_type": "continuation"
  },
  {
    "id": "trade_99",
    "symbol": "M2K",
    "direction": "long",
    "entry_time": "2025-08-04T21:21:41.911368",
    "exit_time": "2025-08-04T21:41:41.911368",
    "entry_price": 2044.24,
    "exit_price": 2042.47,
    "contracts": 5,
    "pnl": -88.56,
    "mfe": 33.45,
    "mae": -108.75,
    "hold_time_minutes": 20,
    "cumulative_pnl": 6980.67,
    "session": "london",
    "setup_type": "pullback"
  },
  {
    "id": "trade_100",
    "symbol": "MGC",
    "direction": "long",
    "entry_time": "2025-08-25T08:00:41.911368",
    "exit_time": "2025-08-25T08:14:41.911368",
    "entry_price": 1947.14,
    "exit_price": 1961.71,
    "contracts": 2,
    "pnl": 291.57,
    "mfe": 494.62,
    "mae": -136.81,
    "hold_time_minutes": 14,
    "cumulative_pnl": 7126.46,
    "session": "london",
    "setup_type": "pullback"
  }
]