[
  {
    "id": "journal_2",
    "timestamp": "2025-08-15T03:48:41.911368",
    "symbol": "MES",
    "emotional_state": "neutral",
    "plan_adherence_score": 9,
    "tags": [
      "reversal"
    ],
    "content": "Standard setup. Following the plan. No strong emotions either way. Trading MES long. Entry at 5216.02.",
    "trade_id": "trade_2"
  },
  {
    "id": "journal_3",
    "timestamp": "2025-08-20T21:41:41.911368",
    "symbol": "MGC",
    "emotional_state": "anxious",
    "plan_adherence_score": 5,
    "tags": [
      "trend_following",
      "technical"
    ],
    "content": "A bit anxious about this trade. Market seems choppy. Need to stick to my stops. Trading MGC long. Entry at 1837.1.",
    "trade_id": "trade_3"
  },
  {
    "id": "journal_4",
    "timestamp": "2025-10-05T05:36:41.911368",
    "symbol": "MGC",
    "emotional_state": "anxious",
    "plan_adherence_score": 8,
    "tags": [
      "breakout",
      "scalp"
    ],
    "content": "A bit anxious about this trade. Market seems choppy. Need to stick to my stops. Trading MGC long. Entry at 2081.83.",
    "trade_id": "trade_4"
  },
  {
    "id": "journal_5",
    "timestamp": "2025-10-06T08:35:41.911368",
    "symbol": "MES",
    "emotional_state": "neutral",
    "plan_adherence_score": 4,
    "tags": [
      "reversal",
      "trend_following"
    ],
    "content": "Standard setup. Following the plan. No strong emotions either way. Trading MES short. Entry at 4855.27.",
    "trade_id": "trade_5"
  },
  {
    "id": "journal_6",
    "timestamp": "2025-10-12T00:53:41.911368",
    "symbol": "MES",
    "emotional_state": "confident",
    "plan_adherence_score": 6,
    "tags": [
      "trend_following"
    ],
    "content": "Feeling confident about this setup. Market conditions look favorable. Following my plan strictly. Trading MES long. Entry at 5321.8.",
    "trade_id": "trade_6"
  },
  {
    "id": "journal_7",
    "timestamp": "2025-09-05T10:36:41.911368",
    "symbol": "M2K",
    "emotional_state": "frustrated",
    "plan_adherence_score": 3,
    "tags": [
      "fundamental",
      "scalp",
      "swing"
    ],
    "content": "Frustrated with recent losses. Trying to stay disciplined and not revenge trade. Trading M2K short. Entry at 1928.57.",
    "trade_id": "trade_7"
  },
  {
    "id": "journal_8",
    "timestamp": "2025-07-23T07:52:41.911368",
    "symbol": "MES",
    "emotional_state": "confident",
    "plan_adherence_score": 5,
    "tags": [
      "trend_following"
    ],
    "content": "Feeling confident about this setup. Market conditions look favorable. Following my plan strictly. Trading MES long. Entry at 5292.08.",
    "trade_id": "trade_8"
  },
  {
    "id": "journal_9",
    "timestamp": "2025-10-07T00:33:41.911368",
    "symbol": "MGC",
    "emotional_state": "excited",
    "plan_adherence_score": 9,
    "tags": [
      "reversal",
      "technical"
    ],
    "content": "Excited about this opportunity! Setup looks perfect. Need to manage position size. Trading MGC short. Entry at 1863.26.",
    "trade_id": "trade_9"
  },
  {
    "id": "journal_10",
    "timestamp": "2025-09-02T07:09:41.911368",
    "symbol": "M2K",
    "emotional_state": "confident",
    "plan_adherence_score": 1,
    "tags": [
      "technical"
    ],
    "content": "Feeling confident about this setup. Market conditions look favorable. Following my plan strictly. Trading M2K long. Entry at 2019.79.",
    "trade_id": "trade_10"
  },
  {
    "id": "journal_11",
    "timestamp": "2025-07-27T06:50:41.911368",
    "symbol": "MES",
    "emotional_state": "frustrated",
    "plan_adherence_score": 2,
    "tags": [
      "fundamental"
    ],
    "content": "Frustrated with recent losses. Trying to stay disciplined and not revenge trade. Trading MES long. Entry at 4628.39.",
    "trade_id": "trade_11"
  },
  {
    "id": "journal_12",
    "timestamp": "2025-10-10T05:04:41.911368",
    "symbol": "MGC",
    "emotional_state": "calm",
    "plan_adherence_score": 9,
    "tags": [
      "scalp",
      "news_driven",
      "reversal"
    ],
    "content": "Calm and focused. Market is clear. Executing according to plan. Trading MGC short. Entry at 1848.4.",
    "trade_id": "trade_12"
  },
  {
    "id": "journal_13",
    "timestamp": "2025-07-21T08:01:41.911368",
    "symbol": "MES",
    "emotional_state": "excited",
    "plan_adherence_score": 6,
    "tags": [
      "technical"
    ],
    "content": "Excited about this opportunity! Setup looks perfect. Need to manage position size. Trading MES long. Entry at 4778.48.",
    "trade_id": "trade_13"
  },
  {
    "id": "journal_14",
    "timestamp": "2025-07-28T21:04:41.911368",
    "symbol": "MGC",
    "emotional_state": "confident",
    "plan_adherence_score": 9,
    "tags": [
      "reversal",
      "swing"
    ],
    "content": "Feeling confident about this setup. Market conditions look favorable. Following my plan strictly. Trading MGC short. Entry at 1969.43.",
    "trade_id": "trade_14"
  },
  {
    "id": "journal_15",
    "timestamp": "2025-08-09T23:04:41.911368",
    "symbol": "MGC",
    "emotional_state": "excited",
    "plan_adherence_score": 9,
    "tags": [
      "technical"
    ],
    "content": "Excited about this opportunity! Setup looks perfect. Need to manage position size. Trading MGC long. Entry at 1968.75.",
    "trade_id": "trade_15"
  },
  {
    "id": "journal_17",
    "timestamp": "2025-10-14T06:54:41.911368",
    "symbol": "M2K",
    "emotional_state": "neutral",
    "plan_adherence_score": 5,
    "tags": [
      "breakout",
      "trend_following",
      "fundamental"
    ],
    "content": "Standard setup. Following the plan. No strong emotions either way. Trading M2K short. Entry at 1930.96.",
    "trade_id": "trade_17"
  },
  {
    "id": "journal_18",
    "timestamp": "2025-09-19T21:20:41.911368",
    "symbol": "MES",
    "emotional_state": "calm",
    "plan_adherence_score": 2,
    "tags": [
      "news_driven",
      "reversal",
      "breakout"
    ],
    "content": "Calm and focused. Market is clear. Executing according to plan. Trading MES long. Entry at 5095.04.",
    "trade_id": "trade_18"
  },
  {
    "id": "journal_19",
    "timestamp": "2025-10-09T04:37:41.911368",
    "symbol": "M2K",
    "emotional_state": "calm",
    "plan_adherence_score": 3,
    "tags": [
      "fundamental",
      "news_driven",
      "scalp"
    ],
    "content": "Calm and focused. Market is clear. Executing according to plan. Trading M2K short. Entry at 2086.94.",
    "trade_id": "trade_19"
  },
  {
    "id": "journal_20",
    "timestamp": "2025-09-13T05:07:41.911368",
    "symbol": "MES",
    "emotional_state": "anxious",
    "plan_adherence_score": 2,
    "tags": [
      "fundamental",
      "breakout",
      "trend_following"
    ],
    "content": "A bit anxious about this trade. Market seems choppy. Need to stick to my stops. Trading MES long. Entry at 5037.63.",
    "trade_id": "trade_20"
  },
  {
    "id": "journal_21",
    "timestamp": "2025-10-03T08:11:41.911368",
    "symbol": "M2K",
    "emotional_state": "anxious",
    "plan_adherence_score": 1,
    "tags": [
      "swing",
      "fundamental"
    ],
    "content": "A bit anxious about this trade. Market seems choppy. Need to stick to my stops. Trading M2K long. Entry at 2033.57.",
    "trade_id": "trade_21"
  },
  {
    "id": "journal_22",
    "timestamp": "2025-10-01T23:17:41.911368",
    "symbol": "MGC",
    "emotional_state": "excited",
    "plan_adherence_score": 8,
    "tags": [
      "breakout",
      "technical"
    ],
    "content": "Excited about this opportunity! Setup looks perfect. Need to manage position size. Trading MGC long. Entry at 2075.0.",
    "trade_id": "trade_22"
  },
  {
    "id": "journal_23",
    "timestamp": "2025-08-28T07:06:41.911368",
    "symbol": "M2K",
    "emotional_state": "neutral",
    "plan_adherence_score": 1,
    "tags": [
      "news_driven",
      "trend_following",
      "breakout"
    ],
    "content": "Standard setup. Following the plan. No strong emotions either way. Trading M2K short. Entry at 1932.32.",
    "trade_id": "trade_23"
  },
  {
    "id": "journal_25",
    "timestamp": "2025-08-06T07:56:41.911368",
    "symbol": "MES",
    "emotional_state": "calm",
    "plan_adherence_score": 8,
    "tags": [
      "news_driven",
      "reversal"
    ],
    "content": "Calm and focused. Market is clear. Executing according to plan. Trading MES short. Entry at 4524.79.",
    "trade_id": "trade_25"
  },
  {
    "id": "journal_26",
    "timestamp": "2025-10-13T20:35:41.911368",
    "symbol": "MES",
    "emotional_state": "neutral",
    "plan_adherence_score": 9,
    "tags": [
      "reversal",
      "news_driven"
    ],
    "content": "Standard setup. Following the plan. No strong emotions either way. Trading MES short. Entry at 4722.43.",
    "trade_id": "trade_26"
  },
  {
    "id": "journal_27",
    "timestamp": "2025-08-21T08:11:41.911368",
    "symbol": "MGC",
    "emotional_state": "excited",
    "plan_adherence_score": 3,
    "tags": [
      "swing",
      "trend_following",
      "breakout"
    ],
    "content": "Excited about this opportunity! Setup looks perfect. Need to manage position size. Trading MGC short. Entry at 2056.59.",
    "trade_id": "trade_27"
  },
  {
    "id": "journal_28",
    "timestamp": "2025-10-01T01:44:41.911368",
    "symbol": "M2K",
    "emotional_state": "neutral",
    "plan_adherence_score": 5,
    "tags": [
      "technical",
      "reversal"
    ],
    "content": "Standard setup. Following the plan. No strong emotions either way. Trading M2K short. Entry at 1987.28.",
    "trade_id": "trade_28"
  },
  {
    "id": "journal_29",
    "timestamp": "2025-09-09T20:44:41.911368",
    "symbol": "MGC",
    "emotional_state": "frustrated",
    "plan_adherence_score": 1,
    "tags": [
      "news_driven",
      "swing",
      "scalp"
    ],
    "content": "Frustrated with recent losses. Trying to stay disciplined and not revenge trade. Trading MGC short. Entry at 2065.35.",
    "trade_id": "trade_29"
  },
  {
    "id": "journal_30",
    "timestamp": "2025-10-10T02:13:41.911368",
    "symbol": "M2K",
    "emotional_state": "confident",
    "plan_adherence_score": 2,
    "tags": [
      "technical",
      "trend_following",
      "swing"
    ],
    "content": "Feeling confident about this setup. Market conditions look favorable. Following my plan strictly. Trading M2K long. Entry at 2023.1.",
    "trade_id": "trade_30"
  },
  {
    "id": "journal_32",
    "timestamp": "2025-08-14T07:52:41.911368",
    "symbol": "MES",
    "emotional_state": "confident",
    "plan_adherence_score": 3,
    "tags": [
      "fundamental",
      "breakout",
      "reversal"
    ],
    "content": "Feeling confident about this setup. Market conditions look favorable. Following my plan strictly. Trading MES long. Entry at 4546.21.",
    "trade_id": "trade_32"
  },
  {
    "id": "journal_33",
    "timestamp": "2025-08-16T22:10:41.911368",
    "symbol": "M2K",
    "emotional_state": "calm",
    "plan_adherence_score": 6,
    "tags": [
      "technical",
      "swing"
    ],
    "content": "Calm and focused. Market is clear. Executing according to plan. Trading M2K long. Entry at 2078.53.",
    "trade_id": "trade_33"
  },
  {
    "id": "journal_34",
    "timestamp": "2025-08-01T01:57:41.911368",
    "symbol": "MGC",
    "emotional_state": "calm",
    "plan_adherence_score": 8,
    "tags": [
      "news_driven",
      "scalp"
    ],
    "content": "Calm and focused. Market is clear. Executing according to plan. Trading MGC short. Entry at 2180.02.",
    "trade_id": "trade_34"
  },
  {
    "id": "journal_36",
    "timestamp": "2025-08-15T01:57:41.911368",
    "symbol": "MES",
    "emotional_state": "neutral",
    "plan_adherence_score": 7,
    "tags": [
      "swing",
      "reversal"
    ],
    "content": "Standard setup. Following the plan. No strong emotions either way. Trading MES long. Entry at 4564.23.",
    "trade_id": "trade_36"
  },
  {
    "id": "journal_38",
    "timestamp": "2025-08-02T04:25:41.911368",
    "symbol": "MES",
    "emotional_state": "frustrated",
    "plan_adherence_score": 9,
    "tags": [
      "reversal",
      "trend_following"
    ],
    "content": "Frustrated with recent losses. Trying to stay disciplined and not revenge trade. Trading MES short. Entry at 5091.89.",
    "trade_id": "trade_38"
  },
  {
    "id": "journal_41",
    "timestamp": "2025-08-07T04:57:41.911368",
    "symbol": "M2K",
    "emotional_state": "neutral",
    "plan_adherence_score": 8,
    "tags": [
      "reversal"
    ],
    "content": "Standard setup. Following the plan. No strong emotions either way. Trading M2K long. Entry at 2055.56.",
    "trade_id": "trade_41"
  },
  {
    "id": "journal_42",
    "timestamp": "2025-07-26T04:28:41.911368",
    "symbol": "M2K",
    "emotional_state": "frustrated",
    "plan_adherence_score": 3,
    "tags": [
      "fundamental",
      "breakout",
      "news_driven"
    ],
    "content": "Frustrated with recent losses. Trying to stay disciplined and not revenge trade. Trading M2K long. Entry at 1920.38.",
    "trade_id": "trade_42"
  },
  {
    "id": "journal_45",
    "timestamp": "2025-09-18T08:45:41.911368",
    "symbol": "MES",
    "emotional_state": "confident",
    "plan_adherence_score": 9,
    "tags": [
      "swing",
      "trend_following",
      "reversal"
    ],
    "content": "Feeling confident about this setup. Market conditions look favorable. Following my plan strictly. Trading MES short. Entry at 4712.12.",
    "trade_id": "trade_45"
  },
  {
    "id": "journal_48",
    "timestamp": "2025-09-16T00:16:41.911368",
    "symbol": "M2K",
    "emotional_state": "neutral",
    "plan_adherence_score": 9,
    "tags": [
      "reversal"
    ],
    "content": "Standard setup. Following the plan. No strong emotions either way. Trading M2K short. Entry at 2096.1.",
    "trade_id": "trade_48"
  },
  {
    "id": "journal_51",
    "timestamp": "2025-09-11T00:06:41.911368",
    "symbol": "M2K",
    "emotional_state": "confident",
    "plan_adherence_score": 6,
    "tags": [
      "news_driven",
      "scalp",
      "swing"
    ],
    "content": "Feeling confident about this setup. Market conditions look favorable. Following my plan strictly. Trading M2K short. Entry at 1961.08.",
    "trade_id": "trade_51"
  },
  {
    "id": "journal_52",
    "timestamp": "2025-09-24T20:46:41.911368",
    "symbol": "MES",
    "emotional_state": "confident",
    "plan_adherence_score": 2,
    "tags": [
      "technical",
      "news_driven"
    ],
    "content": "Feeling confident about this setup. Market conditions look favorable. Following my plan strictly. Trading MES short. Entry at 4950.5.",
    "trade_id": "trade_52"
  },
  {
    "id": "journal_54",
    "timestamp": "2025-08-01T03:13:41.911368",
    "symbol": "MGC",
    "emotional_state": "frustrated",
    "plan_adherence_score": 10,
    "tags": [
      "trend_following"
    ],
    "content": "Frustrated with recent losses. Trying to stay disciplined and not revenge trade. Trading MGC short. Entry at 2177.07.",
    "trade_id": "trade_54"
  },
  {
    "id": "journal_56",
    "timestamp": "2025-09-29T01:48:41.911368",
    "symbol": "MGC",
    "emotional_state": "frustrated",
    "plan_adherence_score": 9,
    "tags": [
      "trend_following",
      "technical"
    ],
    "content": "Frustrated with recent losses. Trying to stay disciplined and not revenge trade. Trading MGC long. Entry at 1988.0.",
    "trade_id": "trade_56"
  },
  {
    "id": "journal_58",
    "timestamp": "2025-07-22T22:08:41.911368",
    "symbol": "M2K",
    "emotional_state": "anxious",
    "plan_adherence_score": 7,
    "tags": [
      "breakout",
      "technical",
      "fundamental"
    ],
    "content": "A bit anxious about this trade. Market seems choppy. Need to stick to my stops. Trading M2K long. Entry at 2085.53.",
    "trade_id": "trade_58"
  },
  {
    "id": "journal_59",
    "timestamp": "2025-09-25T01:04:41.911368",
    "symbol": "MES",
    "emotional_state": "anxious",
    "plan_adherence_score": 3,
    "tags": [
      "scalp",
      "trend_following"
    ],
    "content": "A bit anxious about this trade. Market seems choppy. Need to stick to my stops. Trading MES long. Entry at 4961.45.",
    "trade_id": "trade_59"
  },
  {
    "id": "journal_61",
    "timestamp": "2025-08-24T08:35:41.911368",
    "symbol": "M2K",
    "emotional_state": "confident",
    "plan_adherence_score": 5,
    "tags": [
      "swing"
    ],
    "content": "Feeling confident about this setup. Market conditions look favorable. Following my plan strictly. Trading M2K short. Entry at 2073.05.",
    "trade_id": "trade_61"
  },
  {
    "id": "journal_62",
    "timestamp": "2025-09-28T01:13:41.911368",
    "symbol": "MGC",
    "emotional_state": "excited",
    "plan_adherence_score": 9,
    "tags": [
      "trend_following"
    ],
    "content": "Excited about this opportunity! Setup looks perfect. Need to manage position size. Trading MGC long. Entry at 1927.27.",
    "trade_id": "trade_62"
  },
  {
    "id": "journal_63",
    "timestamp": "2025-09-19T04:38:41.911368",
    "symbol": "MES",
    "emotional_state": "anxious",
    "plan_adherence_score": 3,
    "tags": [
      "news_driven",
      "technical",
      "swing"
    ],
    "content": "A bit anxious about this trade. Market seems choppy. Need to stick to my stops. Trading MES short. Entry at 4599.71.",
    "trade_id": "trade_63"
  },
  {
    "id": "journal_64",
    "timestamp": "2025-10-04T07:00:41.911368",
    "symbol": "M2K",
    "emotional_state": "confident",
    "plan_adherence_score": 2,
    "tags": [
      "swing"
    ],
    "content": "Feeling confident about this setup. Market conditions look favorable. Following my plan strictly. Trading M2K long. Entry at 2070.35.",
    "trade_id": "trade_64"
  },
  {
    "id": "journal_65",
    "timestamp": "2025-10-05T06:27:41.911368",
    "symbol": "MGC",
    "emotional_state": "excited",
    "plan_adherence_score": 7,
    "tags": [
      "breakout",
      "scalp",
      "news_driven"
    ],
    "content": "Excited about this opportunity! Setup looks perfect. Need to manage position size. Trading MGC long. Entry at 2098.71.",
    "trade_id": "trade_65"
  },
  {
    "id": "journal_66",
    "timestamp": "2025-08-27T07:24:41.911368",
    "symbol": "MGC",
    "emotional_state": "neutral",
    "plan_adherence_score": 8,
    "tags": [
      "technical"
    ],
    "content": "Standard setup. Following the plan. No strong emotions either way. Trading MGC short. Entry at 1949.94.",
    "trade_id": "trade_66"
  },
  {
    "id": "journal_67",
    "timestamp": "2025-09-28T20:58:41.911368",
    "symbol": "MGC",
    "emotional_state": "calm",
    "plan_adherence_score": 1,
    "tags": [
      "fundamental"
    ],
    "content": "Calm and focused. Market is clear. Executing according to plan. Trading MGC short. Entry at 1983.83.",
    "trade_id": "trade_67"
  },
  {
    "id": "journal_68",
    "timestamp": "2025-10-12T23:38:41.911368",
    "symbol": "MGC",
    "emotional_state": "anxious",
    "plan_adherence_score": 6,
    "tags": [
      "trend_following",
      "fundamental",
      "news_driven"
    ],
    "content": "A bit anxious about this trade. Market seems choppy. Need to stick to my stops. Trading MGC long. Entry at 2199.75.",
    "trade_id": "trade_68"
  },
  {
    "id": "journal_69",
    "timestamp": "2025-08-20T20:11:41.911368",
    "symbol": "M2K",
    "emotional_state": "neutral",
    "plan_adherence_score": 7,
    "tags": [
      "news_driven"
    ],
    "content": "Standard setup. Following the plan. No strong emotions either way. Trading M2K long. Entry at 2082.12.",
    "trade_id": "trade_69"
  },
  {
    "id": "journal_70",
    "timestamp": "2025-10-04T20:43:41.911368",
    "symbol": "M2K",
    "emotional_state": "neutral",
    "plan_adherence_score": 4,
    "tags": [
      "reversal",
      "trend_following"
    ],
    "content": "Standard setup. Following the plan. No strong emotions either way. Trading M2K long. Entry at 1961.79.",
    "trade_id": "trade_70"
  },
  {
    "id": "journal_71",
    "timestamp": "2025-09-24T09:12:41.911368",
    "symbol": "M2K",
    "emotional_state": "confident",
    "plan_adherence_score": 1,
    "tags": [
      "technical",
      "fundamental"
    ],
    "content": "Feeling confident about this setup. Market conditions look favorable. Following my plan strictly. Trading M2K short. Entry at 2066.09.",
    "trade_id": "trade_71"
  },
  {
    "id": "journal_72",
    "timestamp": "2025-08-14T08:38:41.911368",
    "symbol": "M2K",
    "emotional_state": "anxious",
    "plan_adherence_score": 6,
    "tags": [
      "news_driven",
      "reversal",
      "technical"
    ],
    "content": "A bit anxious about this trade. Market seems choppy. Need to stick to my stops. Trading M2K short. Entry at 2093.45.",
    "trade_id": "trade_72"
  },
  {
    "id": "journal_73",
    "timestamp": "2025-10-06T00:18:41.911368",
    "symbol": "M2K",
    "emotional_state": "frustrated",
    "plan_adherence_score": 8,
    "tags": [
      "fundamental",
      "breakout"
    ],
    "content": "Frustrated with recent losses. Trying to stay disciplined and not revenge trade. Trading M2K long. Entry at 1994.3.",
    "trade_id": "trade_73"
  },
  {
    "id": "journal_74",
    "timestamp": "2025-08-02T19:07:41.911368",
    "symbol": "MGC",
    "emotional_state": "excited",
    "plan_adherence_score": 8,
    "tags": [
      "scalp"
    ],
    "content": "Excited about this opportunity! Setup looks perfect. Need to manage position size. Trading MGC short. Entry at 1846.45.",
    "trade_id": "trade_74"
  },
  {
    "id": "journal_75",
    "timestamp": "2025-10-07T20:36:41.911368",
    "symbol": "MGC",
    "emotional_state": "confident",
    "plan_adherence_score": 5,
    "tags": [
      "fundamental",
      "trend_following"
    ],
    "content": "Feeling confident about this setup. Market conditions look favorable. Following my plan strictly. Trading MGC short. Entry at 2175.62.",
    "trade_id": "trade_75"
  },
  {
    "id": "journal_76",
    "timestamp": "2025-09-04T23:46:41.911368",
    "symbol": "MES",
    "emotional_state": "confident",
    "plan_adherence_score": 7,
    "tags": [
      "swing"
    ],
    "content": "Feeling confident about this setup. Market conditions look favorable. Following my plan strictly. Trading MES short. Entry at 4591.67.",
    "trade_id": "trade_76"
  },
  {
    "id": "journal_79",
    "timestamp": "2025-09-18T22:44:41.911368",
    "symbol": "MES",
    "emotional_state": "confident",
    "plan_adherence_score": 10,
    "tags": [
      "scalp",
      "trend_following",
      "swing"
    ],
    "content": "Feeling confident about this setup. Market conditions look favorable. Following my plan strictly. Trading MES short. Entry at 4958.04.",
    "trade_id": "trade_79"
  },
  {
    "id": "journal_80",
    "timestamp": "2025-08-27T04:13:41.911368",
    "symbol": "MES",
    "emotional_state": "excited",
    "plan_adherence_score": 8,
    "tags": [
      "swing",
      "technical",
      "fundamental"
    ],
    "content": "Excited about this opportunity! Setup looks perfect. Need to manage position size. Trading MES long. Entry at 4775.02.",
    "trade_id": "trade_80"
  },
  {
    "id": "journal_81",
    "timestamp": "2025-10-08T05:43:41.911368",
    "symbol": "M2K",
    "emotional_state": "anxious",
    "plan_adherence_score": 2,
    "tags": [
      "news_driven",
      "technical"
    ],
    "content": "A bit anxious about this trade. Market seems choppy. Need to stick to my stops. Trading M2K long. Entry at 1986.01.",
    "trade_id": "trade_81"
  },
  {
    "id": "journal_83",
    "timestamp": "2025-08-31T08:45:41.911368",
    "symbol": "MGC",
    "emotional_state": "anxious",
    "plan_adherence_score": 4,
    "tags": [
      "technical",
      "swing",
      "breakout"
    ],
    "content": "A bit anxious about this trade. Market seems choppy. Need to stick to my stops. Trading MGC long. Entry at 2187.36.",
    "trade_id": "trade_83"
  },
  {
    "id": "journal_84",
    "timestamp": "2025-07-31T07:05:41.911368",
    "symbol": "M2K",
    "emotional_state": "calm",
    "plan_adherence_score": 6,
    "tags": [
      "fundamental",
      "reversal"
    ],
    "content": "Calm and focused. Market is clear. Executing according to plan. Trading M2K long. Entry at 2061.44.",
    "trade_id": "trade_84"
  },
  {
    "id": "journal_85",
    "timestamp": "2025-08-29T19:23:41.911368",
    "symbol": "MES",
    "emotional_state": "anxious",
    "plan_adherence_score": 6,
    "tags": [
      "news_driven",
      "reversal",
      "scalp"
    ],
    "content": "A bit anxious about this trade. Market seems choppy. Need to stick to my stops. Trading MES short. Entry at 4569.59.",
    "trade_id": "trade_85"
  },
  {
    "id": "journal_88",
    "timestamp": "2025-08-23T22:50:41.911368",
    "symbol": "MES",
    "emotional_state": "excited",
    "plan_adherence_score": 9,
    "tags": [
      "fundamental",
      "news_driven",
      "swing"
    ],
    "content": "Excited about this opportunity! Setup looks perfect. Need to manage position size. Trading MES short. Entry at 4789.45.",
    "trade_id": "trade_88"
  },
  {
    "id": "journal_89",
    "timestamp": "2025-07-22T01:33:41.911368",
    "symbol": "MGC",
    "emotional_state": "confident",
    "plan_adherence_score": 6,
    "tags": [
      "reversal",
      "scalp"
    ],
    "content": "Feeling confident about this setup. Market conditions look favorable. Following my plan strictly. Trading MGC long. Entry at 2144.84.",
    "trade_id": "trade_89"
  },
  {
    "id": "journal_90",
    "timestamp": "2025-10-13T09:53:41.911368",
    "symbol": "MES",
    "emotional_state": "calm",
    "plan_adherence_score": 1,
    "tags": [
      "fundamental",
      "trend_following",
      "news_driven"
    ],
    "content": "Calm and focused. Market is clear. Executing according to plan. Trading MES short. Entry at 5344.48.",
    "trade_id": "trade_90"
  },
  {
    "id": "journal_93",
    "timestamp": "2025-09-29T19:48:41.911368",
    "symbol": "M2K",
    "emotional_state": "confident",
    "plan_adherence_score": 10,
    "tags": [
      "trend_following",
      "swing"
    ],
    "content": "Feeling confident about this setup. Market conditions look favorable. Following my plan strictly. Trading M2K long. Entry at 1962.08.",
    "trade_id": "trade_93"
  },
  {
    "id": "journal_94",
    "timestamp": "2025-09-29T04:09:41.911368",
    "symbol": "M2K",
    "emotional_state": "frustrated",
    "plan_adherence_score": 3,
    "tags": [
      "scalp",
      "breakout",
      "swing"
    ],
    "content": "Frustrated with recent losses. Trying to stay disciplined and not revenge trade. Trading M2K long. Entry at 1989.95.",
    "trade_id": "trade_94"
  },
  {
    "id": "journal_96",
    "timestamp": "2025-08-27T20:16:41.911368",
    "symbol": "M2K",
    "emotional_state": "frustrated",
    "plan_adherence_score": 6,
    "tags": [
      "trend_following",
      "scalp"
    ],
    "content": "Frustrated with recent losses. Trying to stay disciplined and not revenge trade. Trading M2K short. Entry at 1956.83.",
    "trade_id": "trade_96"
  },
  {
    "id": "journal_97",
    "timestamp": "2025-08-25T03:30:41.911368",
    "symbol": "M2K",
    "emotional_state": "excited",
    "plan_adherence_score": 10,
    "tags": [
      "breakout",
      "news_driven"
    ],
    "content": "Excited about this opportunity! Setup looks perfect. Need to manage position size. Trading M2K short. Entry at 2062.64.",
    "trade_id": "trade_97"
  },
  {
    "id": "journal_98",
    "timestamp": "2025-09-16T22:07:41.911368",
    "symbol": "MES",
    "emotional_state": "excited",
    "plan_adherence_score": 6,
    "tags": [
      "fundamental",
      "swing",
      "scalp"
    ],
    "content": "Excited about this opportunity! Setup looks perfect. Need to manage position size. Trading MES long. Entry at 4577.17.",
    "trade_id": "trade_98"
  },
  {
    "id": "journal_99",
    "timestamp": "2025-08-04T21:02:41.911368",
    "symbol": "M2K",
    "emotional_state": "frustrated",
    "plan_adherence_score": 9,
    "tags": [
      "news_driven",
      "fundamental"
    ],
    "content": "Frustrated with recent losses. Trying to stay disciplined and not revenge trade. Trading M2K long. Entry at 2044.24.",
    "trade_id": "trade_99"
  }
]